clip_id,pitcher_name,pitcher_id,catcher_name,catcher_id,play_id,game_pk,at_bat_number,pitch_number,p_throws,fps,n_frames,analysis_frames,scene_cut_at,n_segments,segment_index,chosen_segment,set_frame,first_move_frame,release_frame,delivery_s,first_move_cue,leg_lift_frame,hand_break_frame,release_method,release_kpt_conf,good_track,in_band,release_pre_cut,usable,confidence,qa_video,pitcher_track_id,status
NAYLOR_03ee0445_kerkering_R.mp4,Orion Kerkering,689147,J.T. Realmuto,592663,03ee0445-f24d-3b43-be42-8a626892a14b,778059,43,3,R,59.824,896,269,269,4,0,[0:269],14,35.13,54.5,0.3238,leg_lift,35.13,,extension_collapse,0.97,True,False,True,False,0.75,NAYLOR_03ee0445_kerkering_R_annotated.mp4,3,ok
NAYLOR_04855f81_gausman_R.mp4,Kevin Gausman,592332,Alejandro Kirk,672386,04855f81-6b86-3b37-a53a-c5df4362065d,777448,37,3,R,59.823,896,158,253,5,2,[598:756],619,637.44,652.29,0.2483,motion_onset,,,extension_collapse,0.32,True,False,True,False,0.75,NAYLOR_04855f81_gausman_R_annotated.mp4,609,ok
NAYLOR_09e58c6b_lopez_R.mp4,Jorge López,605347,Keibert Ruiz,660688,09e58c6b-2f97-3f00-b9ce-5836e3517328,778429,68,3,R,59.723,650,650,-1,1,0,[0:650],444,447.52,456.5,0.1503,leg_lift,447.52,,extension_collapse,0.963,True,False,True,False,0.75,NAYLOR_09e58c6b_lopez_R_annotated.mp4,1024,ok
NAYLOR_0a8f1dbd_eisert_L.mp4,Brandon Eisert,685126,Kyle Teel,691019,0a8f1dbd-5c3d-331a-8f84-9b72f9d32d2c,776841,64,3,L,59.701,586,116,470,2,1,[470:586],528,524.0,548.92,0.4175,leg_lift,524.0,,extension_collapse,0.958,True,False,True,False,0.75,NAYLOR_0a8f1dbd_eisert_L_annotated.mp4,1094,ok
NAYLOR_0dc95fbb_martin_R.mp4,Davis Martin,663436,Kyle Teel,691019,0dc95fbb-2af0-34b5-aa27-20879e2e0410,776857,45,2,R,59.775,698,160,69,5,1,[69:229],95,103.41,171.31,1.1359,leg_lift,103.41,110.0,extension_collapse,0.879,True,True,True,True,1.0,NAYLOR_0dc95fbb_martin_R_annotated.mp4,1097,ok
NAYLOR_1427709a_palmquist_L.mp4,Carson Palmquist,687223,Jacob Stallings,607732,1427709a-73d7-39c9-b8bc-2872c722c400,777897,13,1,L,59.75,668,466,466,2,0,[0:466],106,190.23,261.48,1.1923,leg_lift,190.23,111.0,extension_collapse,0.974,True,True,True,True,1.0,NAYLOR_1427709a_palmquist_L_annotated.mp4,1147,ok
NAYLOR_2d002b65_ray_L.mp4,Robbie Ray,592662,Patrick Bailey,672275,2d002b65-a121-3e62-9ed9-c6905dde61f1,777930,7,3,L,59.761,608,387,387,2,0,[0:387],84,133.28,228.59,1.595,leg_lift,133.28,91.0,extension_collapse,0.966,True,True,True,True,1.0,NAYLOR_2d002b65_ray_L_annotated.mp4,1219,ok
NAYLOR_39a80ca9_martin_R.mp4,Davis Martin,663436,Kyle Teel,691019,39a80ca9-c54f-36cc-a967-cc7e01f3ec15,776857,44,5,R,59.762,704,235,235,2,0,[0:235],105,110.53,179.5,1.154,leg_lift,110.53,108.0,extension_collapse,0.262,True,True,True,False,0.6,NAYLOR_39a80ca9_martin_R_annotated.mp4,1217,ok
NAYLOR_4ad111f2_valdez_L.mp4,Framber Valdez,664285,Yainer Diaz,673237,4ad111f2-dc37-3f4c-862f-2045a73cc313,776248,12,2,L,59.725,536,258,258,2,0,[0:258],40,105.26,180.5,1.2599,leg_lift,105.26,117.0,extension_collapse,0.859,True,True,True,True,1.0,NAYLOR_4ad111f2_valdez_L_annotated.mp4,1436,ok
NAYLOR_4dde2b60_ottavino_R.mp4,Adam Ottavino,493603,J.C. Escarra,641555,4dde2b60-52ad-3ba5-8c87-0c4a19d8fb80,778466,50,3,R,59.764,534,197,337,2,1,[337:534],385,382.0,475.24,1.56,leg_lift,382.0,,extension_collapse,0.36,True,True,True,True,1.0,NAYLOR_4dde2b60_ottavino_R_annotated.mp4,1492,ok
NAYLOR_53c43962_wentz_L.mp4,Joey Wentz,666214,Drake Baldwin,686948,53c43962-43b6-3cb2-8662-b8dd655511f3,776428,11,1,L,59.8,800,292,292,5,0,[0:292],109,125.97,222.5,1.6142,leg_lift,125.97,,extension_collapse,0.989,True,True,True,True,1.0,NAYLOR_53c43962_wentz_L_annotated.mp4,1758,ok
NAYLOR_63c23a57_latz_L.mp4,Jacob Latz,656641,Kyle Higashioka,543309,63c23a57-7815-335a-9b00-8ed20772b4a2,776923,40,3,L,59.764,736,225,8,5,1,[8:233],76,110.23,178.21,1.1373,leg_lift,110.23,108.0,extension_collapse,0.45,True,True,True,True,1.0,NAYLOR_63c23a57_latz_L_annotated.mp4,1773,ok
NAYLOR_649a7314_morgan_R.mp4,Eli Morgan,669212,Miguel Amaya,665804,649a7314-376a-3589-8d5b-fd21989c18a1,778515,77,3,R,59.838,1318,283,287,5,2,[419:702],464,465.0,561.62,1.6148,hand_break,,465.0,extension_collapse,0.911,True,True,True,True,1.0,NAYLOR_649a7314_morgan_R_annotated.mp4,1950,ok
NAYLOR_718944e7_hendricks_R.mp4,Kyle Hendricks,543294,Travis d'Arnaud,518595,718944e7-b87d-316c-979a-f178dc79b9cd,776977,28,2,R,59.785,720,176,176,4,0,[0:176],59,55.0,110.73,0.9322,leg_lift,55.0,109.0,extension_collapse,0.976,True,True,True,True,1.0,NAYLOR_718944e7_hendricks_R_annotated.mp4,2056,ok
NAYLOR_7ec7fe77_nunez_R.mp4,Eduarniel Núñez,674384,Elias Díaz,553869,7ec7fe77-542b-3f71-ac8b-c843ce42ef00,777203,78,4,R,59.765,754,506,506,3,0,[0:506],46,108.22,173.5,1.0922,leg_lift,108.22,128.0,extension_collapse,0.919,True,True,True,True,1.0,NAYLOR_7ec7fe77_nunez_R_annotated.mp4,2055,ok
NAYLOR_8d92f6dc_montgomery_L.mp4,Mason Montgomery,682254,Hunter Feduccia,676439,8d92f6dc-1ddf-3c42-befc-cd2768dd1b24,776805,43,1,L,59.7,614,230,230,3,0,[0:230],81,81.84,159.07,1.2936,leg_lift,81.84,,extension_collapse,0.921,True,True,True,True,1.0,NAYLOR_8d92f6dc_montgomery_L_annotated.mp4,2321,ok
NAYLOR_8f12e2af_hendricks_R.mp4,Kyle Hendricks,543294,Travis d'Arnaud,518595,8f12e2af-0a21-3542-8ce5-1bf7860cf0a3,776977,31,3,R,59.687,598,143,455,2,1,[455:598],480,476.0,512.5,0.6115,leg_lift,476.0,,extension_collapse,0.987,True,False,True,False,0.75,NAYLOR_8f12e2af_hendricks_R_annotated.mp4,2575,ok
NAYLOR_909662e9_allard_L.mp4,Kolby Allard,663465,Austin Hedges,595978,909662e9-3b7e-32a3-a34e-f57ed7866561,776521,58,3,L,59.67,538,271,271,3,0,[0:271],100,108.3,180.82,1.2153,leg_lift,108.3,118.0,extension_collapse,0.436,True,True,True,True,1.0,NAYLOR_909662e9_allard_L_annotated.mp4,2711,ok
NAYLOR_9199c642_graceffo_R.mp4,Gordon Graceffo,700669,Jimmy Crooks,699625,9199c642-df8a-30a0-86f2-ce5d0953e14b,776400,44,2,R,59.68,554,397,397,2,0,[0:397],40,101.32,175.5,1.2431,leg_lift,101.32,116.0,extension_collapse,0.855,True,True,True,True,1.0,NAYLOR_9199c642_graceffo_R_annotated.mp4,2724,ok
NAYLOR_a3d9bd20_anderson_L.mp4,Tyler Anderson,542881,Logan O'Hoppe,681351,a3d9bd20-d844-3d66-bd26-f54f5cd60bb8,776995,28,2,L,59.728,727,269,269,4,0,[0:269],31,103.82,177.62,1.2357,leg_lift,103.82,112.0,extension_collapse,0.388,True,True,True,True,1.0,NAYLOR_a3d9bd20_anderson_L_annotated.mp4,2842,ok
NAYLOR_af7bfe85_littell_R.mp4,Zack Littell,641793,Ben Rortvedt,666163,af7bfe85-8b5a-3bf3-a1f6-6e160610b7a7,778212,46,1,R,59.867,1700,537,537,5,0,[0:537],5,318.44,416.0,1.6296,leg_lift,318.44,318.0,extension_collapse,0.032,True,True,True,False,0.6,NAYLOR_af7bfe85_littell_R_annotated.mp4,2988,ok
NAYLOR_cd6d9f75_eisert_L.mp4,Brandon Eisert,685126,Kyle Teel,691019,cd6d9f75-b92f-375f-aff8-16a221eeb0d6,776841,65,3,L,59.733,676,451,451,2,0,[0:451],19,94.36,173.5,1.3248,leg_lift,94.36,110.0,extension_collapse,0.833,True,True,True,True,1.0,NAYLOR_cd6d9f75_eisert_L_annotated.mp4,3447,ok
NAYLOR_ddf98ec9_peralta_L.mp4,Sammy Peralta,671111,Sebastián Rivero,665861,ddf98ec9-4e32-3daa-8c92-be4c3cfe670d,776362,98,1,L,59.771,696,324,372,2,1,[372:696],423,419.0,484.93,1.1031,leg_lift,419.0,,extension_collapse,0.839,True,True,True,True,1.0,NAYLOR_ddf98ec9_peralta_L_annotated.mp4,3590,ok
